09/07/18,EXCEL
09/07/18,WABAG
09/07/18,COROMANDEL
09/07/18,NITESHEST
09/07/18,IOLCP
08/16/18,GLOBALVECT
09/07/18,PRESSMN
09/07/18,LYPSAGEMS
09/07/18,ZUARI
09/07/18,HIGHGROUND
03/01/17,GEOJITBNPP
09/07/18,PIIND
09/07/18,TALWALKARS
09/07/18,CAPLIPOINT
08/27/18,8KMILES
06/14/18,TFL
02/06/18,TODAYS
09/07/18,PGEL
09/07/18,63MOONS
08/01/18,JMTAUTOLTD
09/07/18,MANINFRA
09/10/18,QNIFTY
09/07/18,GLOBUSSPR
02/06/18,ZENITHBIR
08/29/18,MANUGRAPH
09/07/18,UNITEDBNK
03/28/18,AMTEKAUTO
03/12/14,INDIAINFO
09/07/18,UPL
09/07/18,ADFFOODS
09/07/18,DPL
09/07/18,VIDHIING
09/10/18,ULTRACEMCO
06/06/18,MOSERBAER
12/30/14,A2ZMES
09/07/18,HINDCOPPER
04/26/18,GITANJALI
09/07/18,PCJEWELLER
09/07/18,GET&D
09/07/18,PANAMAPET
09/07/18,DIXON
09/07/18,NILAINFRA
09/07/18,NDL
09/07/18,PENIND
09/07/18,GPTINFRA
09/07/18,MAWANASUG
09/07/18,DLINKINDIA
12/02/16,ARVINFRA
09/07/18,SARDAEN
09/07/18,NATHBIOGEN
09/07/18,SHANKARA
03/31/15,IBSEC
09/07/18,JVLAGRO
09/07/18,PARAGMILK
03/16/18,SURANAIND
09/07/18,MCX
08/30/18,SORILINFRA
09/07/18,ICICIGI
01/03/18,ICSA
09/07/18,FELDVR
09/10/18,PFOCUS
09/07/18,CASTROLIND
09/07/18,DUCON
09/10/18,CREATIVEYE
09/07/18,TEXINFRA
09/07/18,TI
09/28/17,SONASTEER
05/21/14,INFOTECENT
12/20/16,MAXWELL
09/07/18,COCHINSHIP
09/07/18,GODREJPROP
04/09/18,LOWVOLIWIN
09/07/18,JUSTDIAL
09/10/18,QUINTEGRA
09/07/18,IZMO
09/27/17,ORCHIDPHAR
02/28/17,VIDHIDYE
09/07/18,CYIENT
09/07/18,RAMCOCEM
07/04/18,NDTV
02/21/18,BSLIMITED
06/12/17,FEDDERLOYD
05/06/15,SSLT
09/07/18,GREENPOWER
08/29/18,STEELXIND
11/19/14,IBIPL
09/07/18,ZEEMEDIA
09/13/17,SHARONBIO
05/21/18,PANORAMUNI
09/07/18,VRLLOG
09/07/18,GAYAPROJ
09/07/18,MATRIMONY
09/07/18,RBLBANK
08/10/18,GARWALLROP
09/07/18,VETO
05/21/18,PVR
09/07/18,MEP
03/16/18,ANGIND
09/07/18,ABFRL
12/18/15,ORCHIDCHEM
09/07/18,BHARATFIN
09/07/18,IMFA
09/07/18,VEDL
08/16/18,VISASTEEL
09/07/18,HEIDELBERG
08/16/18,SABTN
09/07/18,FMNL
09/07/18,CAREERP
09/07/18,UNIVCABLES
08/16/18,CHROMATIC
08/16/18,LAKSHMIEFL
09/07/18,STAMPEDE
09/28/17,PRISMCEM
11/22/17,ALCHEM
09/07/18,BHANDARI
09/10/18,PREMIER
08/12/16,HCIL
09/07/18,UJJIVAN
08/16/18,HILTON
02/21/18,STERLINBIO
09/07/18,KECL
09/07/18,ARSSINFRA
09/07/18,SATIN
09/27/17,SORILHOLD
09/07/18,SHK
05/09/18,CALSOFT
09/22/17,GAMMONIND
09/07/18,LAMBODHARA
09/07/18,INOXWIND
09/07/18,PFS
07/24/18,GOLDINFRA
08/16/18,PEARLPOLY
05/10/16,FRL
08/16/18,EMCO
07/23/18,ADHUNIK
08/16/18,ROHITFERRO
09/07/18,SMPL
09/07/18,FLFL
09/10/18,TIMKEN
05/21/18,PINCON
09/07/18,IIFL
09/12/16,ALSTOMT&D
09/07/18,SUNDARAM
08/07/18,ARCOTECH
09/07/18,PRAKASHCON
09/07/18,ADVENZYMES
03/16/18,SITASHREE
09/07/18,DHFL
09/07/18,SPTL
12/06/17,RAJRAYON
09/07/18,ASHOKA
09/07/18,MERCATOR
09/07/18,HEROMOTOCO
09/07/18,SPECIALITY
09/07/18,BRNL
10/24/16,FCEL
09/07/18,ZEELEARN
09/07/18,SWANENERGY
09/07/18,BAJFINANCE
04/26/18,BRFL
09/07/18,FCL
09/07/18,STEL
09/07/18,DCMSHRIRAM
09/07/18,FILATEX
03/20/18,DSKULKARNI
09/07/18,TEJASNET
11/19/14,IBPOW
12/18/15,VIKASGLOB
03/16/18,TULSI
09/07/18,IL&FSENGG
08/03/16,NEYVELILIG
09/07/18,TEXMOPIPES
08/16/18,INDOSOLAR
09/07/18,RTNPOWER
09/07/18,ORIENTCEM
09/07/18,GOODLUCK
09/07/18,VIKASECO
09/28/17,PDUMJEPULP
09/07/18,ANSALAPI
09/07/18,OBEROIRLTY
09/07/18,DBREALTY
09/07/18,KSL
05/10/16,DYNATECH
09/07/18,MGL
08/16/18,SHILPI
05/17/18,BILPOWER
04/26/18,GTLINFRA
09/07/18,IDFCBANK
03/16/18,SUPREMETEX
09/07/18,LSIL
09/07/18,SCHNEIDER
09/07/18,LYCOS
09/07/18,SKIPPER
09/07/18,ORICONENT
08/16/18,BURNPUR
09/07/18,OMMETALS
05/21/18,MBECL
05/14/15,LOGIXMICRO
09/07/18,V2RETAIL
09/07/18,PROVOGE
03/17/16,PIPAVAVDOC
08/16/18,SUPERSPIN
09/07/18,PNCINFRA
05/04/15,EXCELINFO
09/07/18,MINDACORP
08/16/18,ALMONDZ
09/07/18,WELCORP
02/06/18,GEMINI
06/22/18,MANDHANA
09/07/18,RPPINFRA
08/21/18,SRSLTD
09/07/18,SREINFRA
09/07/18,SITINET
05/10/16,FRLDVR
08/16/16,SITICABLE
08/29/18,BAGFILMS
09/07/18,MAXINDIA
09/07/18,PNBHOUSING
09/07/18,NH
06/16/17,LLOYDELENG
07/04/18,OPTOCIRCUI
09/07/18,CAPACITE
09/07/18,INDIGO
09/07/18,ITDC
09/07/18,NAGAROIL
09/07/18,TRITURBINE
01/28/16,PFRL
08/10/18,SIGNET
06/14/18,IBVENTURES
09/07/18,ICICIPRULI
09/07/18,ARIHANTSUP
09/07/18,CGPOWER
07/04/18,RAINBOWPAP
09/07/18,MANAKCOAT
09/07/18,NECCLTD
04/30/18,DIAPOWER
09/07/18,KRIDHANINF
06/06/18,ALOKTEXT
09/07/18,NBCC
09/07/18,WELENT
09/07/18,JAMNAAUTO
09/07/18,GPPL
08/01/18,CINEVISTA
09/07/18,GEOJITFSL
09/07/18,JPPOWER
08/29/18,UNITY
03/07/17,CROMPGREAV
09/07/18,AURIONPRO
09/07/18,DEEPAKNTR
09/07/18,EQUITAS
09/07/18,MAJESCO
09/07/18,ADANITRANS
06/22/18,WSI
09/07/18,SNOWMAN
09/07/18,HFCL
07/23/18,NORBTEAEXP
09/07/18,SUNTECK
09/07/18,MMTC
09/07/18,GNA
09/07/18,INFY
02/20/18,FIRSTWIN
09/07/18,PRESTIGE
09/07/18,TATAGLOBAL
09/07/18,DATAMATICS
09/07/18,PROZONINTU
09/07/18,ADANIPOWER
09/22/17,EDUCOMP
02/25/16,MAX
09/07/18,DMART
09/07/18,COALINDIA
04/26/18,ESL
05/14/18,LML
09/07/18,HATHWAY
03/16/18,ALPSINDUS
11/11/14,DPTL
09/07/18,INFRATEL
09/07/18,ORIENTREF
09/07/18,HPL
03/08/18,HBSTOCK
09/07/18,RAMASTEEL
09/07/18,VICEROY
04/17/17,IBWSL
09/07/18,COFFEEDAY
09/07/18,BAJAJCORP
04/11/18,TANLA
09/07/18,GTPL
06/08/15,AMTEKINDIA
09/07/18,MBLINFRA
09/07/18,SJVN
09/07/18,PRABHAT
09/07/18,BLISSGVS
12/24/14,BHARTISHIP
09/07/18,UGARSUGAR
09/07/18,VIPCLOTHNG
09/07/18,INFIBEAM
09/07/18,CDSL
03/28/18,UVSL
09/07/18,COX&KINGS
09/07/18,INDOTHAI
09/07/18,ADANIPORTS
09/07/18,SHAKTIPUMP
11/21/17,LCCINFOTEC
09/07/18,FEDDERELEC
09/07/18,SALASAR
09/07/18,ORIENTBELL
09/07/18,VIVIDHA
09/07/18,MAYURUNIQ
09/07/18,RTNINFRA
09/15/17,RDEL
10/01/14,PROZONECSC
09/07/18,DBL
09/07/18,DIGJAMLTD
09/07/18,DEEPIND
04/30/18,EASUNREYRL
09/07/18,CAMLINFINE
09/07/18,IBULHSGFIN
09/07/18,TRIDENT
09/07/18,UJAAS
09/07/18,TEXRAIL
07/03/18,BOMDYEING
01/09/17,STOREONE
09/07/18,JINDWORLD
09/07/18,ANDHRACEMT
08/01/18,GAL
09/07/18,OMKARCHEM
03/16/18,ZYLOG
08/16/18,KSK
09/07/18,CINELINE
09/07/18,SETCO
09/07/18,FEL
03/12/14,DCMSRMCONS
06/22/18,EUROCERA
09/07/18,OIL
05/21/18,HINDDORROL
09/07/18,SYNGENE
09/07/18,AJMERA
09/07/18,ASAHIINDIA
09/07/18,MFSL
09/07/18,CGCL
09/07/18,NAGAFERT
08/16/18,TVVISION
06/04/18,PITTILAM
09/07/18,JSWENERGY
09/07/18,QUICKHEAL
09/07/18,CIMMCO
09/07/18,IL&FSTRANS
03/16/18,IMPEXFERRO
09/07/18,VAKRANGEE
05/21/18,VIDEOIND
09/07/18,A2ZINFRA
09/07/18,RNAVAL
11/02/17,SHIVTEX
03/16/18,RAJVIR
09/07/18,BHARATWIRE
09/07/18,CHOLAFIN
09/07/18,BODALCHEM
08/16/18,TIMESGTY
09/07/18,FCONSUMER
07/31/18,MONNETISPA
09/07/18,VIPULLTD
11/21/17,SAMTEL
09/07/18,ZENTEC
09/07/18,FRETAIL
08/16/18,SALORAINTL
09/07/18,CEREBRAINT
09/07/18,CROMPTON
09/07/18,DQE
05/03/18,JPINFRATEC
09/07/18,RAMKY
09/07/18,GSCLCEMENT
09/07/18,AIFL
09/07/18,ARVSMART
09/07/18,PSB
09/07/18,URJA
09/27/17,BHARATIDIL
09/07/18,NHPC
11/08/17,JENSONICOL
09/07/18,NCC
09/07/18,MTEDUCARE
09/07/18,TV18BRDCST
09/07/18,NLCINDIA
09/28/17,ICIL
08/16/18,SUNILHITEC
09/07/18,CAPF
09/07/18,MUTHOOTFIN
06/30/16,SKSMICRO
09/07/18,PEL
09/07/18,AUBANK
09/07/18,APEX
09/07/18,MAXVIL
06/23/15,WELPROJ
08/16/18,KHANDSE
08/16/18,PBAINFRA
09/07/18,TGBHOTELS
09/07/18,HSCL
08/16/18,MAGNUM
09/28/17,NAGAAGRI
09/07/18,HINDMOTORS
03/28/18,JYOTISTRUC
08/16/18,DHARSUGAR
09/07/18,LEEL
09/07/18,ALANKIT
09/07/18,JSLHISAR
08/01/18,SUMEETINDS
02/09/18,GUJNRECOKE
09/07/18,MOIL
07/03/18,EMAMIINFRA
07/03/18,RAIN
09/07/18,EROSMEDIA
09/07/18,HUDCO
01/14/14,DCB
09/07/18,MANPASAND
12/06/17,VALUEIND
09/07/18,VASCONEQ
07/23/18,IVRCLINFRA
09/07/18,JUBLFOOD
11/13/17,KSERASERA
09/07/18,PSPPROJECT
09/07/18,STARCEMENT
09/07/18,TBZ
09/07/18,BLS
09/07/18,HUBTOWN
09/07/18,L&TFH
05/04/18,JBFIND
09/07/18,ABCAPITAL
09/07/18,MANAPPURAM
09/07/18,MAHINDCIE
07/24/18,POLARIS
09/07/18,INTELLECT
09/07/18,VASWANI
09/07/18,DEN
09/07/18,KIRIINDUS
03/16/18,SPYL
08/16/18,OISL
09/07/18,GRAVITA
09/07/18,COMPUSOFT
01/18/17,FINANTECH
09/07/18,BIRLAMONEY
09/07/18,ESSARSHPNG
09/07/18,TRF
09/07/18,BFINVEST
04/30/18,ZENITHEXPO
08/16/18,ASSAMCO
09/07/18,BROOKS
09/07/18,CASTEXTECH
09/07/18,KWALITY
09/07/18,REPCOHOME
