symbol,sector,marketcap_cr,price,outshares
3MINDIA,DIVERSIFIED,27517.13,24453.00,11253069.153069153
8KMILES,COMPUTERS - SOFTWARE,1079.26,353.90,30496185.363096923
AARTIIND,CHEMICALS,11244.60,1393.30,80704801.55027634
ABAN,OIL DRILLING AND EXPLORATION,667.70,114.55,58288956.78742907
ABB,INFRASTRUCTURE - GENERAL,25576.28,1206.45,211996187.160678
ABBOTINDIA,PHARMACEUTICALS,17010.92,7996.55,21272823.905309163
ACC,CEMENT - MAJOR,29018.77,1545.30,187787290.49375528
ADANIENT,TRADING,21875.22,199.15,1098429324.629676
ADANIPORTS,INFRASTRUCTURE - GENERAL,78375.17,379.30,2066310835.7500658
ADANIPOWER,POWER - GENERATION & DISTRIBUTION,12052.93,31.30,3850776357.827476
ADANITRANS,POWER - TRANSMISSION & EQUIPMENT,17987.39,163.95,1097126562.9765174
ABFRL,RETAIL,13794.54,179.60,768070155.9020045
ADVENZYMES,PHARMACEUTICALS,2456.27,220.00,111648636.36363636
AEGISCHEM,TRANSPORT & LOGISTICS,7842.32,234.95,333786763.14109385
AIAENG,CASTINGS & FORGINGS,15987.30,1714.40,93253033.13112459
AJANTPHARM,PHARMACEUTICALS,10104.18,1146.10,88161416.9793212
AKZOINDIA,PAINTS & VARNISHES,8163.22,1749.60,46657636.03109282
APLLTD,PHARMACEUTICALS,10812.33,576.00,187714062.49999997
ALKEM,PHARMACEUTICALS,24764.30,2059.80,120226721.04087774
ALBK,BANKS - PUBLIC SECTOR,4709.58,44.80,1051245535.7142857
ALLCARGO,TRANSPORT & LOGISTICS,2900.44,118.05,245695891.57136807
AMARAJABAT,AUTO ANCILLARIES,14073.24,824.60,170667475.13946155
AMBUJACEM,CEMENT - MAJOR,45163.50,227.70,1983465085.6389987
ANDHRABANK,BANKS - PUBLIC SECTOR,4111.99,34.05,1207632892.804699
APARINDS,ELECTRIC EQUIPMENT,2208.10,577.65,38225569.11624686
APLAPOLLO,STEEL - TUBES & PIPES,4195.43,1761.80,23813315.92689295
APOLLOHOSP,HOSPITALS & MEDICAL SERVICES,13168.89,943.90,139515732.59879223
APOLLOTYRE,TYRES,15096.40,264.00,571833333.3333333
ARVIND,TEXTILES - DENIM,10181.75,393.30,258879989.82964656
ASAHIINDIA,GLASS & GLASS PRODUCTS,7929.59,326.35,242978091.00658798
ASHOKLEY,AUTO - LCVS & HCVS,37425.42,127.55,2934176401.4112115
ASHOKA,CONSTRUCTION & CONTRACTING - CIVIL,4053.64,145.30,278984170.6813489
ASIANPAINT,PAINTS & VARNISHES,136023.84,1418.60,958859720.8515438
ASTRAMICRO,TELECOMMUNICATIONS - EQUIPMENT,845.76,98.00,86302040.81632653
ASTRAL,PLASTICS,13149.02,1103.10,119200616.44456533
ASTRAZEN,PHARMACEUTICALS,4398.25,1764.85,24921381.42051733
ATUL,DYES & PIGMENTS,9180.90,3078.70,29820703.54370351
AUROPHARMA,PHARMACEUTICALS,35749.15,610.90,585188246.8489115
AVANTIFEED,AQUACULTURE,6216.89,456.25,136260602.73972604
DMART,RETAIL,99257.52,1589.40,624496791.241978
AXISBANK,BANKS - PRIVATE SECTOR,158104.04,615.50,2568709017.0593014
BAJAJ-AUTO,AUTO - 2 & 3 WHEELERS,76139.70,2629.70,289537589.8391451
BAJAJCORP,PERSONAL CARE,6039.39,410.70,147051132.2132944
BAJAJELEC,DOMESTIC APPLIANCES,6185.70,606.60,101973293.76854599
BAJFINANCE,FINANCE - LEASING & HIRE PURCHASE,162224.17,2808.45,577628834.4104401
BAJAJFINSV,FINANCE - INVESTMENTS,112766.31,7083.85,159187885.11896777
BAJAJHIND,SUGAR,767.42,6.80,1128558823.5294118
BAJAJHLDNG,FINANCE - INVESTMENTS,33274.53,2996.60,111040946.40592672
BALKRISIND,TYRES,24212.01,1253.25,193193776.18192697
BALMLAWRIE,DIVERSIFIED,2514.33,220.85,113847860.53882726
BALRAMCHIN,SUGAR,1656.18,72.75,227653608.2474227
BANKBARODA,BANKS - PUBLIC SECTOR,39233.00,148.30,2645515846.2575855
BANKINDIA,BANKS - PUBLIC SECTOR,16296.85,93.60,1741116452.9914532
MAHABANK,BANKS - PUBLIC SECTOR,3388.38,13.00,2606446153.846154
BASF,CHEMICALS,8532.03,1968.05,43352709.53481873
BATAINDIA,LEATHER PRODUCTS,12519.23,975.80,128297089.56753434
BAYERCROP,PESTICIDES & AGRO CHEMICALS,14536.33,4242.25,34265613.76627969
BEML,INFRASTRUCTURE - GENERAL,3365.29,807.75,41662519.34385639
BERGEPAINT,PAINTS & VARNISHES,31849.95,328.20,970443327.2394881
BFUTILITIE,POWER - GENERATION & DISTRIBUTION,1281.83,339.75,37728623.98822664
BEL,ELECTRICALS,29754.16,121.15,2455976888.1551795
BHARATFIN,FINANCE - GENERAL,16786.04,1203.55,139471064.76673177
BHARATFORG,CASTINGS & FORGINGS,29320.44,629.45,465810469.4574628
BHARTIARTL,TELECOMMUNICATIONS - SERVICE,146844.49,369.80,3970916441.3196316
INFRATEL,TELECOMMUNICATIONS - EQUIPMENT,53416.69,289.90,1842590203.518455
BHEL,INFRASTRUCTURE - GENERAL,26819.58,73.20,3663877049.180328
BIOCON,PHARMACEUTICALS,33876.00,564.90,599681359.5326607
BIRLACORPN,CEMENT - MAJOR,5933.26,769.10,77145494.7341048
BLISSGVS,PHARMACEUTICALS,1799.91,172.35,104433420.36553526
BLUEDART,COURIERS,8494.48,3553.10,23907235.93481748
BLUESTARCO,CONSUMER GOODS - WHITE GOODS,6757.38,697.30,96907787.17911947
BBTC,PLANTATIONS - TEA & COFFEE,10856.51,1561.15,69541748.07033277
BOMDYEING,TEXTILES - PROCESSING,5494.86,265.70,206806925.10350016
BOSCHLTD,AUTO ANCILLARIES,58963.48,19370.55,30439755.195386816
BPCL,REFINERIES,87062.96,401.60,2167902390.438247
BRITANNIA,FOOD PROCESSING,76077.88,6343.75,119925722.1674877
CADILAHC,PHARMACEUTICALS,38543.91,377.15,1021978257.9875382
CANFINHOME,FINANCE - HOUSING,4263.00,320.25,133114754.09836066
CANBK,BANKS - PUBLIC SECTOR,20692.17,282.35,732855321.4095979
CAPF,FINANCE - GENERAL,5799.31,585.65,99023478.18663025
CAPLIPOINT,PHARMACEUTICALS,3058.92,398.65,76731970.40010035
CARBORUNIV,ABRASIVES,6613.53,350.30,188796174.70739365
CARERATING,MISCELLANEOUS,3895.66,1323.15,29442315.68605222
CASTROLIND,LUBRICANTS,15613.30,158.05,987870926.9218601
CCL,PLANTATIONS - TEA & COFFEE,3420.15,257.20,132976283.04821151
CEATLTD,TYRES,5663.01,1400.75,40428413.349991076
CENTRALBK,BANKS - PUBLIC SECTOR,19749.52,68.75,2872657454.545455
CENTURYTEX,DIVERSIFIED,10058.20,900.60,111683322.22962469
CENTURYPLY,MISCELLANEOUS,5260.54,236.55,222385964.91228068
CERA,CERAMICS & GRANITE,3717.40,2826.10,13153816.21315594
CESC,POWER - GENERATION & DISTRIBUTION,12133.61,914.15,132731061.64196248
CROMPTON,ELECTRICALS,16632.42,265.95,625396503.1020869
CGPOWER,ELECTRIC EQUIPMENT,3766.74,60.25,625185062.2406639
CHAMBLFERT,FERTILISERS,5770.72,138.80,415757925.0720461
CHENNPETRO,REFINERIES,5080.86,341.25,148889670.32967034
CHOLAFIN,FINANCE - LEASING & HIRE PURCHASE,22640.25,1444.65,156717890.14640224
CIPLA,PHARMACEUTICALS,49995.91,621.05,805022300.9419533
CUB,BANKS - PRIVATE SECTOR,12950.76,177.35,730237383.7045392
COALINDIA,MINING & MINERALS,171324.49,275.80,6211910442.349527
COFFEEDAY,FOOD PROCESSING,5470.36,259.50,210803853.5645472
COLPAL,PERSONAL CARE,30992.76,1138.35,272260376.8612465
CONCOR,TRANSPORT & LOGISTICS,31169.06,639.20,487626095.11889863
COROMANDEL,FERTILISERS,12749.24,436.65,291978472.4607809
CORPBANK,BANKS - PUBLIC SECTOR,4655.21,27.85,1671529622.9802513
COX&KINGS;,MISCELLANEOUS,3841.17,218.85,175516106.9225497
CRISIL,MISCELLANEOUS,12681.06,1767.30,71753861.82312001
CUMMINSIND,ENGINES,18142.74,653.35,277687916.12458867
CYIENT,COMPUTERS - SOFTWARE,7583.72,672.80,112718787.15814507
DABUR,PERSONAL CARE,77971.74,442.60,1761675101.6719384
DALMIABHA,CEMENT - MAJOR,23602.45,2660.75,88706003.94625576
DBCORP,MEDIA & ENTERTAINMENT,4700.99,254.65,184605929.7074416
DCBBANK,BANKS - PRIVATE SECTOR,5198.97,168.80,307995853.08056873
DCMSHRIRAM,DIVERSIFIED,6017.52,368.45,163319853.44008687
DEEPAKFERT,FERTILISERS,2386.38,271.40,87928518.79145175
DELTACORP,CONSTRUCTION & CONTRACTING - REAL ESTATE,7004.14,261.70,267640045.85403135
DEN,MEDIA & ENTERTAINMENT,1171.72,60.30,194315091.2106136
DENABANK,BANKS - PUBLIC SECTOR,3908.15,17.30,2259046242.774566
DHFL,FINANCE - HOUSING,19170.83,611.35,313581908.89016116
DHANUKA,PESTICIDES & AGRO CHEMICALS,2720.90,554.55,49065007.66387161
DBL,CONSTRUCTION & CONTRACTING - CIVIL,11563.20,846.45,136608187.13450292
DISHTV,MEDIA & ENTERTAINMENT,12465.40,67.85,1837199705.2321298
DIVISLAB,PHARMACEUTICALS,29719.21,1124.30,264335230.81028196
DLF,CONSTRUCTION & CONTRACTING - REAL ESTATE,35079.86,196.55,1784780462.9865174
LALPATHLAB,PHARMACEUTICALS,7629.92,926.05,82392095.45920847
DRREDDY,PHARMACEUTICALS,36934.74,2214.30,166800975.47757754
ECLERX,COMPUTERS - SOFTWARE MEDIUM & SMALL,4614.18,1199.05,38481964.88887036
EDELWEISS,FINANCE - GENERAL,27001.82,290.45,929654673.7820623
EICHERMOT,AUTO - LCVS & HCVS,79101.31,28997.70,27278477.258541193
EIDPARRY,SUGAR,3983.27,223.85,177943712.30734867
EIHOTEL,HOTELS,9773.84,170.95,571736765.1360047
ELGIEQUIP,COMPRESSORS,4608.65,290.05,158891570.41889328
EMAMILTD,PERSONAL CARE,26128.51,578.65,451542555.94919205
ENDURANCE,AUTO - 2 & 3 WHEELERS,20677.44,1475.40,140148027.65351766
ENGINERSIN,INFRASTRUCTURE - GENERAL,7965.24,126.05,631911146.3704879
ENIL,MEDIA & ENTERTAINMENT,3384.84,712.50,47506526.315789476
EQUITAS,FINANCE - GENERAL,4894.21,144.00,339875694.4444445
EROSMEDIA,MEDIA & ENTERTAINMENT,1185.98,124.70,95106655.97433841
ESCORTS,AUTO - TRACTORS,10598.00,865.25,122484830.97370702
ESSELPACK,PACKAGING,3473.61,110.15,315352700.86246026
EVEREADY,DRY CELLS,1742.68,239.65,72717713.33194241
EXIDEIND,AUTO ANCILLARIES,24794.50,291.35,851021108.6322292
FDC,PHARMACEUTICALS,4273.75,245.30,174225438.23889115
FEDERALBNK,BANKS - PRIVATE SECTOR,17622.86,89.20,1975656950.6726458
FINCABLES,CABLES - TELEPHONE,9050.19,593.15,152578437.1575487
FINPIPE,PETROCHEMICALS,7377.47,596.25,123731153.03983228
FSL,COMPUTERS - SOFTWARE MEDIUM & SMALL,4191.68,60.50,692839669.4214877
FORTIS,HOSPITALS & MEDICAL SERVICES,7365.30,140.90,522732434.3506032
FCONSUMER,FOOD PROCESSING,9004.28,47.25,1905667724.867725
FLFL,RETAIL,8433.21,431.15,195598051.72213846
FRETAIL,RETAIL,25426.70,508.85,499689495.9221775
GAIL,OIL DRILLING AND EXPLORATION,81813.97,362.95,2254138862.1022177
GDL,MISCELLANEOUS,2009.29,184.35,108993219.4195823
GATI,COURIERS,1131.73,104.35,108455198.85002396
GAYAPROJ,CONSTRUCTION & CONTRACTING - CIVIL,3835.70,205.80,186379980.563654
GEPIL,POWER - TRANSMISSION & EQUIPMENT,5032.31,743.35,67697719.78206767
GESHIP,SHIPPING,4937.19,327.35,150822972.35374978
GET&D;,POWER - TRANSMISSION & EQUIPMENT,7197.47,281.25,255910044.44444445
GICHSGFIN,FINANCE - HOUSING,1854.63,343.60,53976426.07683353
GILLETTE,PERSONAL CARE,21643.26,6649.25,32549926.683460537
GSKCONS,FOOD PROCESSING,28332.19,6733.80,42074593.840030886
GLAXO,PHARMACEUTICALS,27916.00,3286.90,84931090.08488242
GLENMARK,PHARMACEUTICALS,16591.49,591.05,280712122.4938669
GMRINFRA,INFRASTRUCTURE - GENERAL,10743.98,17.90,6002223463.687151
GNFC,FERTILISERS,6373.72,411.60,154852283.7706511
GODFRYPHLP,CIGARETTES,4327.97,836.70,51726664.276323654
GODREJCP,PERSONAL CARE,88114.12,1294.40,680733312.7317675
GODREJIND,PERSONAL CARE,20741.25,616.40,336490103.8286827
GODREJPROP,CONSTRUCTION & CONTRACTING - REAL ESTATE,15910.36,694.75,229008420.29507017
GRANULES,PHARMACEUTICALS,2646.37,104.25,253848441.24700236
GRASIM,DIVERSIFIED,63982.36,971.35,658695217.9955732
GREAVESCOT,ENGINES,3830.38,157.10,243817950.35009548
GREENPLY,MISCELLANEOUS,2514.47,205.55,122328873.75334467
GRINDWELL,ABRASIVES,5562.57,504.85,110182628.50351588
GRUH,FINANCE - HOUSING,24360.61,332.30,733090881.7333734
GSFC,FERTILISERS,4558.58,114.70,397435047.95117694
GUJALKALI,CHEMICALS,4122.38,560.25,73581079.87505578
GUJFLUORO,CHEMICALS,8294.02,758.85,109297226.06575741
GHCL,CHEMICALS,2453.64,250.60,97910614.52513967
GMDCLTD,MINING & MINERALS,3734.91,117.10,318950469.6840308
GSPL,OIL DRILLING AND EXPLORATION,11288.76,200.45,563170865.5525069
GUJGASLTD,OIL DRILLING AND EXPLORATION,10644.58,770.45,138160555.5195016
GPPL,SHIPPING,5267.08,108.70,484551977.9208831
GULFOILLUB,LUBRICANTS,4364.37,874.85,49887066.35423215
HATHWAY,MEDIA & ENTERTAINMENT,1706.67,20.60,828480582.5242718
HATSUN,FOOD PROCESSING,11311.05,700.65,161436523.22843075
HAVELLS,ELECTRIC EQUIPMENT,42122.47,673.50,625426429.1017075
HCL-INSYS,COMPUTERS - HARDWARE,1158.82,35.30,328277620.3966006
HCLTECH,COMPUTERS - SOFTWARE,134548.26,966.00,1392839130.4347827
HDFC,FINANCE - HOUSING,333892.33,1974.30,1691193486.2989414
HDFCBANK,BANKS - PRIVATE SECTOR,573232.26,2114.45,2711023008.347325
HDIL,CONSTRUCTION & CONTRACTING - REAL ESTATE,1002.55,23.15,433066954.64362854
HEIDELBERG,CEMENT - MAJOR,3688.13,163.75,225229312.97709924
HERITGFOOD,FOOD PROCESSING,2725.19,592.90,45963737.561140165
HEROMOTOCO,AUTO - 2 & 3 WHEELERS,66332.16,3319.40,199831776.82713744
HEXAWARE,COMPUTERS - SOFTWARE,13981.88,471.80,296351844.00169563
HFCL,TELECOMMUNICATIONS - EQUIPMENT,3048.87,24.50,1244436734.6938775
HIMATSEIDE,TEXTILES - SYNTHETIC & SILK,2873.96,291.75,98507626.3924593
HCC,CONSTRUCTION & CONTRACTING - CIVIL,1245.97,12.25,1017118367.3469387
HINDCOPPER,METALS - NON FERROUS,5981.53,64.65,925217324.0525907
HINDZINC,METALS - NON FERROUS,120844.12,286.95,4211330196.898414
HINDALCO,ALUMINIUM,49935.02,222.70,2242255051.638976
HONAUT,TELECOMMUNICATIONS - EQUIPMENT,19402.41,21971.20,8830837.642004078
HINDPETRO,REFINERIES,43596.57,286.15,1523556526.2973967
HSIL,CERAMICS & GRANITE,2287.10,316.10,72353685.54254982
HINDUNILVR,PERSONAL CARE,378486.22,1752.70,2159446682.2616534
ICICIBANK,BANKS - PRIVATE SECTOR,211090.96,328.60,6423948874.010955
ICICIPRULI,FINANCE - GENERAL,59217.08,413.55,1431920686.7367914
ICRA,MISCELLANEOUS,3590.04,3630.00,9889917.355371902
IDBI,BANKS - PUBLIC SECTOR,25860.66,61.85,4181189975.7477765
IDEA,TELECOMMUNICATIONS - SERVICE,23696.27,54.40,4355931985.294118
IDFC,FINANCE - TERM LENDING INSTITUTIONS,7957.85,49.90,1594759519.0380764
IDFCBANK,BANKS - PRIVATE SECTOR,14739.80,43.40,3396267281.1059904
IFCI,FINANCE - TERM LENDING INSTITUTIONS,2823.83,16.65,1695993993.993994
IGL,OIL DRILLING AND EXPLORATION,20877.52,299.60,696846461.9492657
IIFL,FINANCE - GENERAL,23664.05,743.20,318407561.8945102
IL&FSTRANS;,INFRASTRUCTURE - GENERAL,1297.75,39.40,329378172.5888325
INDIACEM,CEMENT - MAJOR,3617.06,116.80,309679794.5205479
IBULHSGFIN,FINANCE - HOUSING,56476.62,1324.90,426270812.891539
IBREALEST,CONSTRUCTION & CONTRACTING - REAL ESTATE,7231.24,151.50,477309570.9570957
IBVENTURES,FINANCE - INVESTMENTS,43131.99,711.20,606467800.8998874
INDIANB,BANKS - PUBLIC SECTOR,16618.09,346.10,480152845.99826634
INDHOTEL,HOTELS,14734.91,123.85,1189738393.217602
ICIL,TEXTILES - SPINNING - COTTON BLENDED,1594.99,80.60,197889578.16377175
INDOCO,PHARMACEUTICALS,1731.97,190.50,90917060.36745407
INDUSINDBK,BANKS - PRIVATE SECTOR,118979.23,1979.50,601056984.0868906
INFIBEAM,MISCELLANEOUS,12932.83,195.10,662882111.7375705
NAUKRI,MISCELLANEOUS,18046.03,1486.40,121407629.17115176
INFY,COMPUTERS - SOFTWARE,302545.31,1385.45,2183733155.2925043
INGERRAND,COMPRESSORS,1770.49,559.65,31635665.14786027
INOXLEISUR,MEDIA & ENTERTAINMENT,2297.62,237.90,96579234.9726776
INOXWIND,POWER - GENERATION & DISTRIBUTION,2216.96,99.90,221917917.9179179
INTELLECT,COMPUTERS - SOFTWARE,3090.81,245.20,126052610.1141925
INDIGO,TRANSPORT & LOGISTICS,41027.74,1070.90,383114576.52441865
IOB,BANKS - PUBLIC SECTOR,7776.32,15.90,4890767295.597484
IOC,REFINERIES,161701.64,166.35,9720567478.208597
IPCALAB,PHARMACEUTICALS,9314.05,740.25,125823032.75920296
IRB,INFRASTRUCTURE - GENERAL,6791.77,193.10,351722941.48109794
ITC,CIGARETTES,372459.79,304.80,12219809383.202099
ITDCEM,CONSTRUCTION & CONTRACTING - CIVIL,2444.54,142.55,171486495.96632758
JKIL,CONSTRUCTION & CONTRACTING - CIVIL,1719.12,228.05,75383468.5376014
JKCEMENT,CEMENT - MAJOR,5388.24,767.55,70200508.11022083
JAGRAN,MEDIA & ENTERTAINMENT,3435.41,115.95,296283742.9926692
JAICORPLTD,STEEL - GP & GC SHEETS,2857.87,160.15,178449578.52013734
JISLJALEQS,PLASTICS,4157.07,84.10,494300832.3424495
JPASSOCIAT,INFRASTRUCTURE - GENERAL,3210.84,13.20,2432454545.454546
JBCHEPHARM,PHARMACEUTICALS,2510.02,298.80,84003346.72021419
JBFIND,TEXTILES - MANMADE,284.50,34.75,81870503.59712231
JETAIRWAYS,TRANSPORT & LOGISTICS,3139.83,276.10,113720753.3502354
JSLHISAR,STEEL - LARGE,3284.21,139.50,235427240.1433692
JINDALPOLY,PACKAGING,1220.11,277.70,43936262.153402954
JINDALSAW,STEEL - TUBES & PIPES,2554.84,79.90,319754693.3667084
JINDALSTEL,STEEL - SPONGE IRON,19692.87,203.55,967470891.6728076
J&KBANK;,BANKS - PRIVATE SECTOR,3330.01,59.75,557323849.372385
JKLAKSHMI,CEMENT - MAJOR,3807.21,320.05,118956725.5116388
JKTYRE,TYRES,2973.52,131.20,226640243.90243906
JMFINANCIL,FINANCE - INVESTMENTS,10679.91,127.05,840606847.6977568
JCHAC,CONSUMER GOODS - WHITE GOODS,5500.31,2019.55,27235324.701047268
JSWENERGY,POWER - GENERATION & DISTRIBUTION,11162.21,68.05,1640295371.050698
JSWSTEEL,STEEL - LARGE,82088.81,339.90,2415087084.4365993
JUBLFOOD,MISCELLANEOUS,20006.51,1521.40,131500657.28933875
JUBILANT,PHARMACEUTICALS,11656.19,730.55,159553623.98193145
JUSTDIAL,MISCELLANEOUS,3795.65,566.50,67001765.2250662
JYOTHYLAB,PERSONAL CARE,8078.93,222.20,363588208.8208821
KAJARIACER,CERAMICS & GRANITE,6865.06,432.25,158821515.3267785
KALPATPOWR,POWER - TRANSMISSION & EQUIPMENT,5600.54,365.15,153376420.64904833
KANSAINER,PAINTS & VARNISHES,28153.17,524.60,536659740.75486076
KTKBANK,BANKS - PRIVATE SECTOR,3392.45,119.40,284124790.61976546
KSCL,MISCELLANEOUS,4119.19,624.40,65970371.55669442
KEC,POWER - TRANSMISSION & EQUIPMENT,7743.50,301.40,256917717.31917718
KESORAMIND,DIVERSIFIED,1142.86,80.40,142146766.1691542
KIRLOSENG,ENGINES,3723.81,260.20,143113374.32744044
KITEX,TEXTILES - READYMADE APPARELS,840.56,126.15,66631787.554498605
KOTAKBANK,BANKS - PRIVATE SECTOR,245305.58,1285.50,1908250330.6106572
KPIT,COMPUTERS - SOFTWARE MEDIUM & SMALL,5723.51,289.80,197498619.7377502
KPRMILL,TEXTILES - READYMADE APPARELS,4496.59,621.40,72362246.54007082
KRBL,FOOD PROCESSING,8588.20,364.70,235486701.3984097
KWALITY,FOOD PROCESSING,465.81,19.15,243242819.84334207
L&TFH;,FINANCE - INVESTMENTS,35407.69,177.35,1996486608.4014661
LTI,COMPUTERS - SOFTWARE,29531.92,1709.55,172746746.21976545
LTTS,COMPUTERS - SOFTWARE MEDIUM & SMALL,15244.60,1486.45,102557099.12879679
LAOPALA,GLASS & GLASS PRODUCTS,2908.76,262.10,110979015.6428844
LAXMIMACH,TEXTILES - MACHINERY,7870.98,7156.80,10997904.09121395
LAKSHVILAS,BANKS - PRIVATE SECTOR,2412.02,94.85,254298365.84080127
LT,INFRASTRUCTURE - GENERAL,177319.23,1264.65,1402120982.0899062
LAURUSLABS,PHARMACEUTICALS,4644.10,438.10,106005478.2013239
LICHSGFIN,FINANCE - HOUSING,27680.77,548.35,504801130.6647214
LINDEINDIA,CHEMICALS,3615.62,422.65,85546433.21897551
LUPIN,PHARMACEUTICALS,36535.18,809.45,451358082.6487121
M&M;,AUTO - CARS & JEEPS,117481.70,945.95,1241944077.3825254
M&MFIN;,FINANCE - LEASING & HIRE PURCHASE,30384.77,491.80,617827775.5185034
MAGMA,FINANCE - LEASING & HIRE PURCHASE,3994.87,148.10,269741390.95205945
MGL,REFINERIES,9367.59,949.75,98632166.35956831
MAHINDCIE,CASTINGS & FORGINGS,9584.83,254.00,377355511.8110236
MHRIL,HOTELS,3730.82,278.90,133769092.86482611
MAHLIFE,CONSTRUCTION & CONTRACTING - CIVIL,2514.25,490.05,51305989.184777066
MANAPPURAM,FINANCE - LEASING & HIRE PURCHASE,9023.59,107.25,841360372.960373
MANPASAND,FOOD PROCESSING,1508.61,131.90,114375284.30629264
MARICO,PERSONAL CARE,46987.46,365.00,1287327671.2328765
MARKSANS,PHARMACEUTICALS,1240.22,30.40,407967105.2631579
MARUTI,AUTO - CARS & JEEPS,276444.04,9148.25,302182428.3332878
MFSL,FINANCE - INVESTMENTS,13045.00,487.05,267836977.72302637
MAXINDIA,MISCELLANEOUS,2186.29,81.85,267109346.3653024
MCLEODRUSS,PLANTATIONS - TEA & COFFEE,1423.47,130.15,109371494.42950442
MCX,MISCELLANEOUS,4342.26,852.45,50938588.77353511
MINDAIND,AUTO ANCILLARIES,10781.05,409.70,263144984.13473272
MINDTREE,COMPUTERS - SOFTWARE,15515.90,952.00,162982142.85714284
MMTC,TRADING,4972.50,33.20,1497740963.8554215
MOIL,MINING & MINERALS,4632.27,173.70,266682210.7081175
MONSANTO,PESTICIDES & AGRO CHEMICALS,4983.58,2894.05,17220089.493961748
MOTHERSUMI,AUTO ANCILLARIES,63337.63,301.35,2101796250.2073998
MOTILALOFS,FINANCE - GENERAL,13305.61,915.50,145337083.56089568
MPHASIS,COMPUTERS - SOFTWARE,22345.29,1153.05,193792897.09899834
MRF,TYRES,31531.31,74233.95,4247559.236710427
MRPL,REFINERIES,14686.78,83.75,1753645373.1343284
MTNL,TELECOMMUNICATIONS - SERVICE,989.10,15.75,628000000.0
MUTHOOTFIN,FINANCE - INVESTMENTS,16537.78,413.20,400236689.25459826
NATIONALUM,ALUMINIUM,13520.84,69.95,1932929235.167977
NH,HOSPITALS & MEDICAL SERVICES,5001.73,246.80,202663290.11345217
NATCOPHARM,PHARMACEUTICALS,14355.43,775.95,185004575.03705135
NBVENTURES,DIVERSIFIED,2210.76,124.10,178143432.715552
NAVINFLUOR,CHEMICALS,3378.78,683.25,49451591.65751921
NAVKARCORP,TRANSPORT & LOGISTICS,1940.94,128.95,150518805.7386584
NAVNETEDUL,PRINTING & STATIONERY,2767.66,118.45,233656395.10341915
NBCC,INFRASTRUCTURE - GENERAL,13635.00,75.65,1802379378.7177792
NCC,CONSTRUCTION & CONTRACTING - CIVIL,5925.38,98.60,600951318.4584179
NESTLEIND,FOOD PROCESSING,103074.67,10686.05,96457222.26641275
NETWORK18,FINANCE - GENERAL,4548.99,43.50,1045744827.5862069
NHPC,POWER - GENERATION & DISTRIBUTION,25494.41,24.95,10218200400.801603
NIITLTD,COMPUTERS - SOFTWARE - TRAINING,1518.41,90.95,166949972.51236945
NIITTECH,COMPUTERS - SOFTWARE,7822.45,1273.70,61415168.40700321
NILKAMAL,PLASTICS,2711.80,1815.45,14937343.358395992
NLCINDIA,POWER - GENERATION & DISTRIBUTION,11792.91,77.20,1527579015.5440414
NMDC,MINING & MINERALS,33489.78,105.80,3165385633.2703214
NTPC,POWER - GENERATION & DISTRIBUTION,131102.88,159.55,8217040426.198684
OBEROIRLTY,CONSTRUCTION & CONTRACTING - REAL ESTATE,17523.81,483.95,362099597.0658126
OCL,CEMENT - MAJOR,6769.99,1191.25,56830975.8656873
OIL,OIL DRILLING AND EXPLORATION,24269.92,213.60,1136232209.7378275
OMAXE,CONSTRUCTION & CONTRACTING - REAL ESTATE,4051.25,221.75,182694475.7609921
ONGC,OIL DRILLING AND EXPLORATION,216945.84,169.25,12818070310.192024
OFSS,COMPUTERS - SOFTWARE,33441.84,3895.30,85851770.08189355
ORIENTCEM,CEMENT - MAJOR,2363.16,114.85,205760557.2485851
ORIENTBANK,BANKS - PUBLIC SECTOR,4998.86,79.05,632366856.4199873
PGHH,PERSONAL CARE,34598.60,10675.70,32408741.347171612
PAGEIND,TEXTILES - READYMADE APPARELS,35120.20,31416.70,11178831.640496932
PARAGMILK,FOOD PROCESSING,2663.91,317.40,83929111.53119092
PCJEWELLER,DIAMOND CUTTING & JEWELLERY & PRECIOUS METALS,3990.04,101.15,394467622.34305483
PERSISTENT,COMPUTERS - SOFTWARE,6790.80,849.35,79952905.16277154
PETRONET,OIL DRILLING AND EXPLORATION,33555.00,224.30,1495987516.7186804
PFIZER,PHARMACEUTICALS,12430.35,2714.30,45795785.2853406
PHOENIXLTD,CONSTRUCTION & CONTRACTING - REAL ESTATE,9906.12,648.00,152872222.22222224
PIIND,PESTICIDES & AGRO CHEMICALS,10675.41,772.00,138282512.9533679
PIDILITIND,CHEMICALS,56774.34,1122.65,505717187.01287127
PEL,PHARMACEUTICALS,50694.12,2809.55,180435016.28374648
PNB,BANKS - PUBLIC SECTOR,22954.17,83.25,2757257657.6576576
PNBHOUSING,FINANCE - HOUSING,21184.47,1279.10,165620123.52435306
PNCINFRA,CONSTRUCTION & CONTRACTING - REAL ESTATE,4227.77,164.45,257085436.30282766
POLARIS,COMPUTERS - SOFTWARE,4888.42,474.60,103000842.8150021
PFC,FINANCE - TERM LENDING INSTITUTIONS,22810.30,86.75,2629429394.8126802
POWERGRID,POWER - GENERATION & DISTRIBUTION,99557.15,190.55,5224725793.754919
PRAJIND,ENGINEERING - HEAVY,1488.11,81.90,181698412.6984127
PRESTIGE,CONSTRUCTION & CONTRACTING - REAL ESTATE,9373.13,248.75,376809246.23115575
PRSMJOHNSN,CEMENT - MAJOR,5124.17,101.80,503356581.5324165
PTC,TRADING,2436.15,82.00,297091463.41463417
PFS,FINANCE - TERM LENDING INSTITUTIONS,1104.73,17.20,642284883.7209302
PVR,MEDIA & ENTERTAINMENT,6156.41,1316.05,46779453.66817371
RADICO,BREWERIES & DISTILLERIES,5732.21,429.20,133555684.99534017
RAIN,CEMENT - MAJOR,6790.82,201.65,336762707.66179025
RAJESHEXPO,DIAMOND CUTTING & JEWELLERY & PRECIOUS METALS,18968.98,639.90,296436630.72355056
RALLIS,PESTICIDES & AGRO CHEMICALS,3888.41,199.55,194858932.59834626
RAMCOCEM,CEMENT - MAJOR,15893.66,661.75,240176199.47109935
RCF,FERTILISERS,3817.68,69.20,551687861.2716763
RATNAMANI,STEEL - TUBES & PIPES,4043.37,861.05,46958597.06172696
RTNPOWER,POWER - GENERATION & DISTRIBUTION,1160.50,3.95,2937974683.5443034
RAYMOND,TEXTILES - WOOLLEN & WORSTED,4842.03,788.45,61412010.907476686
RBLBANK,BANKS - PRIVATE SECTOR,24042.09,568.75,422718065.93406594
RECLTD,FINANCE - TERM LENDING INSTITUTIONS,22652.31,114.95,1970622879.5128317
REDINGTON,COMPUTERS - HARDWARE,4079.76,101.80,400762278.978389
RELCAPITAL,FINANCE - INVESTMENTS,10848.79,429.50,252591152.50291038
RELAXO,LEATHER PRODUCTS,10051.93,836.90,120109093.08161071
RELIANCE,REFINERIES,763053.04,1204.20,6336597242.982894
RCOM,TELECOMMUNICATIONS - SERVICE,5390.02,19.45,2771218508.99743
RELINFRA,POWER - GENERATION & DISTRIBUTION,10719.47,408.40,262474779.62781587
RNAVAL,SHIPPING,1475.92,20.00,737960000.0000001
RPOWER,POWER - GENERATION & DISTRIBUTION,9369.12,33.40,2805125748.502994
RELIGARE,FINANCE - INVESTMENTS,898.61,45.25,198587845.3038674
REPCOHOME,FINANCE - HOUSING,3747.43,601.25,62327318.087318085
ROLTA,COMPUTERS - SOFTWARE,600.36,36.40,164934065.93406594
SHK,CHEMICALS,2820.83,195.05,144620866.4445014
SADBHAV,INFRASTRUCTURE - GENERAL,4801.41,278.75,172247892.37668163
SAIL,STEEL - LARGE,32300.71,78.25,4127886261.9808307
SANOFI,PHARMACEUTICALS,14671.66,6367.50,23041476.246564586
SBIN,BANKS - PUBLIC SECTOR,271709.07,304.45,8924587617.01429
SCHAEFFLER,BEARINGS,8895.14,5333.25,16678648.10387662
SCHNEIDER,POWER - GENERATION & DISTRIBUTION,2239.21,93.80,238721748.4008529
SEQUENT,PHARMACEUTICALS,1187.00,48.60,244238683.127572
SHARDACROP,PESTICIDES & AGRO CHEMICALS,3655.73,405.50,90153637.48458692
SFL,MISCELLANEOUS,7414.99,1523.55,48669160.84145581
SHILPAMED,PHARMACEUTICALS,3504.43,431.90,81139847.1868488
SCI,SHIPPING,2766.85,59.40,465799663.2996633
SHOPERSTOP,RETAIL,4852.64,553.25,87711522.81970178
SHREECEM,CEMENT - MAJOR,60128.70,17341.50,34673298.15759882
RENUKA,SUGAR,2378.77,12.50,1903016000.0
SHRIRAMCIT,FINANCE - LEASING & HIRE PURCHASE,12853.31,1982.70,64827306.19861804
SRTRANSFIN,FINANCE - LEASING & HIRE PURCHASE,31956.43,1414.25,225960261.62276825
SIEMENS,INFRASTRUCTURE - GENERAL,36651.90,1031.70,355257342.2506543
SITINET,MEDIA & ENTERTAINMENT,1109.25,12.75,870000000.0
SJVN,POWER - GENERATION & DISTRIBUTION,10924.83,27.90,3915709677.419355
SKFINDIA,BEARINGS,8941.02,1742.90,51299672.95886167
SMLISUZU,AUTO - LCVS & HCVS,1271.12,873.25,14556198.110506726
SOBHA,CONSTRUCTION & CONTRACTING - REAL ESTATE,5001.22,530.65,94247055.4979742
SOLARINDS,CHEMICALS,11509.43,1280.25,89899863.30794768
SOMANYCERA,CERAMICS & GRANITE,2051.16,480.45,42692475.803933814
SONATSOFTW,COMPUTERS - SOFTWARE MEDIUM & SMALL,3401.38,324.05,104964665.94661318
SOUTHBANK,BANKS - PRIVATE SECTOR,3257.43,18.00,1809683333.3333333
SREINFRA,FINANCE - LEASING & HIRE PURCHASE,2656.30,52.80,503087121.21212125
SRF,TEXTILES - MANMADE,10945.44,1904.10,57483535.52859619
STRTECH,CABLES - TELEPHONE,14531.96,362.25,401158316.08005524
STAR,PHARMACEUTICALS,3682.70,411.35,89527166.64640816
SUDARSCHEM,DYES & PIGMENTS,3111.42,447.80,69482358.19562304
SUNPHARMA,PHARMACEUTICALS,132826.60,554.00,2397592057.761733
SPARC,PHARMACEUTICALS,9356.32,365.90,255707023.77698827
SUNTV,MEDIA & ENTERTAINMENT,32606.56,826.20,394656983.7811668
SUNDRMFAST,FASTENERS,13386.23,635.65,210591205.85227722
SUNTECK,CONSTRUCTION & CONTRACTING - REAL ESTATE,6730.49,456.95,147291607.39687055
SUPREMEIND,PLASTICS,14774.50,1162.80,127059683.52253182
SUVEN,PHARMACEUTICALS,2987.32,235.45,126877043.95837758
SUZLON,POWER - GENERATION & DISTRIBUTION,3894.07,7.35,5298054421.768707
SWANENERGY,TRADING,3908.11,159.60,244869047.61904764
SYMPHONY,CONSUMER GOODS - WHITE GOODS,7771.87,1107.70,70162228.04008305
SYNDIBANK,BANKS - PUBLIC SECTOR,5832.07,41.30,1412123486.6828086
SYNGENE,MISCELLANEOUS,11539.00,578.25,199550367.4881107
TAKE,COMPUTERS - SOFTWARE MEDIUM & SMALL,3101.03,210.05,147632944.537015
TNPL,PAPER,2200.90,317.75,69265145.55468136
TATACHEM,CHEMICALS,17170.57,672.80,255210612.3662307
TATACOFFEE,PLANTATIONS - TEA & COFFEE,2076.89,111.25,186686741.5730337
TATACOMM,TELECOMMUNICATIONS - SERVICE,16188.00,568.60,284699261.34365106
TATAELXSI,COMPUTERS - SOFTWARE,8699.40,1395.55,62336713.123857975
TATAGLOBAL,PLANTATIONS - TEA & COFFEE,14711.63,233.55,629913508.8846071
TATAINVEST,FINANCE - INVESTMENTS,4413.41,798.80,55250500.75112669
TATAMOTORS,AUTO - LCVS & HCVS,72255.90,250.10,2889080367.8528585
TATAMTRDVR,AUTO - LCVS & HCVS,4493.90,140.00,320992857.14285713
TATAPOWER,POWER - GENERATION & DISTRIBUTION,18717.03,69.35,2698922855.082913
TATASPONGE,STEEL - SPONGE IRON,1355.05,877.85,15436008.429686163
TATASTEEL,STEEL - LARGE,69303.09,576.70,1201718224.3800933
TCS,COMPUTERS - SOFTWARE,763360.46,1993.10,3830015854.6987104
TECHM,COMPUTERS - SOFTWARE,63297.23,645.95,979909126.0933509
TECHNO,ELECTRIC EQUIPMENT,3016.51,263.70,114391733.0299583
TEXRAIL,INFRASTRUCTURE - GENERAL,1596.46,72.40,220505524.86187842
THERMAX,INFRASTRUCTURE - GENERAL,12920.12,1080.70,119553252.52151385
THOMASCOOK,MISCELLANEOUS,9695.81,262.20,369786803.9664378
THYROCARE,HOSPITALS & MEDICAL SERVICES,3304.80,619.55,53341941.7319022
TIFIN,MISCELLANEOUS,11177.53,593.35,188380045.50433975
TIMKEN,BEARINGS,4868.80,715.90,68009498.53331472
TWL,INFRASTRUCTURE - GENERAL,1032.72,89.40,115516778.52348992
TITAN,MISCELLANEOUS,81720.72,920.10,888172155.2005217
TORNTPHARM,PHARMACEUTICALS,28759.61,1697.05,169468253.7344215
TORNTPOWER,POWER - GENERATION & DISTRIBUTION,10936.43,227.60,480510984.1827768
TRENT,RETAIL,11792.26,355.50,331709142.0534459
TRIDENT,TEXTILES - SPINNING - COTTON BLENDED,3136.56,61.30,511673735.725938
TRITURBINE,ELECTRIC EQUIPMENT,4042.16,123.25,327964300.2028398
TTKPRESTIG,DOMESTIC APPLIANCES,7028.37,6098.40,11524940.968122788
TVTODAY,MEDIA & ENTERTAINMENT,2657.90,448.00,59328125.0
TV18BRDCST,MEDIA & ENTERTAINMENT,8220.36,47.90,1716150313.152401
TVSMOTOR,AUTO - 2 & 3 WHEELERS,25253.26,534.10,472818947.76259124
TVSSRICHAK,TYRES,2232.22,2917.35,7651533.06939517
UCOBANK,BANKS - PUBLIC SECTOR,7692.75,19.50,3945000000.0
UFLEX,PACKAGING,2114.71,293.00,72174402.73037542
UJJIVAN,FINANCE - GENERAL,4283.96,353.35,121238432.1494269
ULTRACEMCO,CEMENT - MAJOR,116529.99,4246.20,274433587.6783948
UNICHEMLAB,PHARMACEUTICALS,1572.74,222.80,70589766.60682225
UNIONBANK,BANKS - PUBLIC SECTOR,9985.46,85.55,1167207481.00526
UNITECH,CONSTRUCTION & CONTRACTING - CIVIL,1072.68,4.10,2616292682.92683
UBL,BREWERIES & DISTILLERIES,31735.23,1204.75,263417555.5094418
UPL,CHEMICALS,32355.99,636.60,508262488.21866167
VGUARD,ELECTRIC EQUIPMENT,9046.49,212.40,425917608.2862523
WABAG,INFRASTRUCTURE - GENERAL,2015.62,372.70,54081566.94392273
VAKRANGEE,COMPUTERS - SOFTWARE MEDIUM & SMALL,6633.40,62.75,1057115537.8486055
VTL,TEXTILES - SPINNING - COTTON BLENDED,6835.87,1193.55,57273428.00888107
VBL,FOOD PROCESSING,13802.01,757.45,182216779.98547757
VEDL,MINING & MINERALS,83135.10,223.70,3716365668.305767
VIDEOIND,CONSUMER GOODS - ELECTRONIC,198.67,5.80,342534482.7586207
VIJAYABANK,BANKS - PUBLIC SECTOR,8281.34,63.60,1302097484.2767296
VINATIORGA,CHEMICALS,6504.82,1267.15,51334254.03464467
VIPIND,PLASTICS,7959.70,563.10,141354999.11205825
VOLTAS,DIVERSIFIED,20519.82,621.05,330405281.378311
VSTIND,CIGARETTES,4507.03,2940.25,15328730.55012329
WABCOINDIA,AUTO ANCILLARIES,12725.35,6747.50,18859355.316783994
WELCORP,STEEL - TUBES & PIPES,3381.63,127.75,264706849.31506848
WELSPUNIND,TEXTILES - WEAVING,6646.26,66.10,1005485627.8366113
WHIRLPOOL,CONSUMER GOODS - WHITE GOODS,21900.62,1730.60,126549289.26383914
WIPRO,COMPUTERS - SOFTWARE,135809.49,278.85,4870342119.419042
WOCKPHARMA,PHARMACEUTICALS,6584.87,595.90,110502936.73435141
WONDERLA,MISCELLANEOUS,1873.84,331.55,56517568.994118534
YESBANK,BANKS - PRIVATE SECTOR,88332.83,382.85,2307243829.175917
ZEEL,MEDIA & ENTERTAINMENT,49732.78,516.90,962135422.7123234
ZENSARTECH,COMPUTERS - SOFTWARE,5584.18,1240.30,45022817.06038862
